Claim_ID,Food_ID,Receiver_ID,Timestamp,Status
1,164,908,2025-03-05 05:26:00,Pending
2,353,391,2025-03-11 10:24:00,Cancelled
3,626,492,2025-03-21 00:59:00,Completed
4,61,933,2025-03-04 09:08:00,Cancelled
5,345,229,2025-03-14 15:17:00,Pending
6,273,607,2025-03-02 02:50:00,Cancelled
7,735,256,2025-03-07 23:58:00,Cancelled
8,382,900,2025-03-05 07:07:00,Pending
9,278,807,2025-03-18 02:26:00,Completed
10,669,975,2025-03-06 19:57:00,Completed
11,290,118,2025-03-04 23:01:00,Pending
12,694,739,2025-03-01 21:55:00,Completed
13,951,959,2025-03-08 13:08:00,Pending
14,426,233,2025-03-08 16:08:00,Cancelled
15,684,97,2025-03-07 08:00:00,Completed
16,320,836,2025-03-07 06:17:00,Cancelled
17,465,588,2025-03-15 16:49:00,Cancelled
18,952,729,2025-03-09 02:04:00,Completed
19,798,399,2025-03-16 06:32:00,Pending
20,792,88,2025-03-07 12:15:00,Completed
21,281,493,2025-03-04 00:29:00,Completed
22,345,757,2025-03-09 03:11:00,Pending
23,674,526,2025-03-06 22:55:00,Completed
24,594,717,2025-03-15 00:51:00,Pending
25,371,10,2025-03-10 07:10:00,Completed
26,959,233,2025-03-21 04:34:00,Cancelled
27,58,487,2025-03-17 05:07:00,Completed
28,586,189,2025-03-19 04:15:00,Pending
29,812,769,2025-03-14 17:09:00,Pending
30,193,228,2025-03-07 04:05:00,Pending
31,937,546,2025-03-03 02:06:00,Completed
32,624,371,2025-03-17 12:57:00,Cancelled
33,905,386,2025-03-16 14:26:00,Cancelled
34,713,271,2025-03-18 01:17:00,Pending
35,190,93,2025-03-09 21:40:00,Cancelled
36,597,562,2025-03-16 03:41:00,Pending
37,832,920,2025-03-13 03:50:00,Cancelled
38,757,380,2025-03-18 05:29:00,Cancelled
39,58,923,2025-03-12 09:57:00,Pending
40,141,789,2025-03-10 04:14:00,Pending
41,415,336,2025-03-18 04:33:00,Pending
42,886,256,2025-03-07 12:22:00,Pending
43,611,306,2025-03-16 17:08:00,Pending
44,825,31,2025-03-09 13:02:00,Pending
45,457,569,2025-03-13 07:07:00,Completed
46,556,412,2025-03-12 02:30:00,Cancelled
47,746,48,2025-03-07 10:45:00,Pending
48,895,373,2025-03-09 23:13:00,Pending
49,190,678,2025-03-20 13:44:00,Pending
50,251,804,2025-03-19 13:18:00,Pending
51,543,255,2025-03-04 10:59:00,Pending
52,507,517,2025-03-15 14:58:00,Cancelled
53,37,449,2025-03-11 09:43:00,Completed
54,534,737,2025-03-06 01:44:00,Cancelled
55,438,601,2025-03-09 00:13:00,Completed
56,690,452,2025-03-17 14:29:00,Completed
57,225,295,2025-03-11 21:44:00,Completed
58,258,149,2025-03-13 15:12:00,Completed
59,797,371,2025-03-02 23:28:00,Cancelled
60,390,391,2025-03-16 15:03:00,Pending
61,990,550,2025-03-08 21:06:00,Cancelled
62,258,678,2025-03-17 14:07:00,Pending
63,119,279,2025-03-08 21:30:00,Pending
64,771,90,2025-03-17 13:38:00,Completed
65,424,532,2025-03-15 15:00:00,Cancelled
66,310,730,2025-03-11 19:22:00,Cancelled
67,486,817,2025-03-17 17:22:00,Completed
68,526,321,2025-03-02 04:49:00,Pending
69,321,45,2025-03-10 06:15:00,Completed
70,203,479,2025-03-19 15:41:00,Completed
71,538,897,2025-03-02 15:34:00,Cancelled
72,851,44,2025-03-04 10:49:00,Completed
73,708,222,2025-03-05 23:42:00,Pending
74,487,62,2025-03-02 13:20:00,Cancelled
75,909,161,2025-03-06 11:44:00,Cancelled
76,877,185,2025-03-13 22:38:00,Completed
77,65,324,2025-03-04 22:57:00,Completed
78,504,151,2025-03-15 13:41:00,Completed
79,188,795,2025-03-03 01:13:00,Cancelled
80,153,35,2025-03-21 01:58:00,Pending
81,964,876,2025-03-03 09:13:00,Completed
82,641,638,2025-03-09 13:21:00,Pending
83,805,695,2025-03-18 19:37:00,Completed
84,925,554,2025-03-09 02:10:00,Pending
85,197,624,2025-03-01 09:52:00,Completed
86,790,425,2025-03-02 09:25:00,Cancelled
87,829,918,2025-03-13 10:50:00,Completed
88,233,310,2025-03-03 02:47:00,Completed
89,912,632,2025-03-05 20:34:00,Cancelled
90,378,27,2025-03-04 16:53:00,Completed
91,251,373,2025-03-18 18:10:00,Completed
92,136,65,2025-03-07 11:12:00,Pending
93,600,129,2025-03-16 11:30:00,Pending
94,505,523,2025-03-19 05:04:00,Cancelled
95,673,352,2025-03-11 10:52:00,Cancelled
96,937,500,2025-03-17 07:56:00,Completed
97,381,802,2025-03-02 02:12:00,Pending
98,741,116,2025-03-13 13:30:00,Cancelled
99,101,995,2025-03-01 02:21:00,Completed
100,101,892,2025-03-19 19:11:00,Pending
101,16,654,2025-03-07 02:19:00,Cancelled
102,110,772,2025-03-16 06:03:00,Completed
103,463,423,2025-03-07 12:06:00,Completed
104,882,52,2025-03-05 00:36:00,Completed
105,89,619,2025-03-15 23:07:00,Completed
106,674,589,2025-03-06 03:27:00,Cancelled
107,374,467,2025-03-21 00:40:00,Completed
108,786,909,2025-03-08 09:17:00,Pending
109,696,923,2025-03-15 16:28:00,Pending
110,469,196,2025-03-01 00:09:00,Pending
111,214,723,2025-03-14 11:40:00,Pending
112,984,970,2025-03-04 22:00:00,Pending
113,913,855,2025-03-01 23:11:00,Pending
114,870,840,2025-03-06 10:36:00,Completed
115,663,957,2025-03-05 00:19:00,Pending
116,162,908,2025-03-16 17:02:00,Pending
117,864,384,2025-03-10 01:30:00,Pending
118,108,927,2025-03-07 04:56:00,Cancelled
119,56,75,2025-03-18 15:38:00,Cancelled
120,233,101,2025-03-10 23:33:00,Pending
121,460,560,2025-03-14 11:44:00,Completed
122,160,292,2025-03-15 00:40:00,Cancelled
123,715,529,2025-03-20 13:50:00,Completed
124,252,303,2025-03-20 06:55:00,Cancelled
125,765,329,2025-03-18 21:40:00,Pending
126,202,499,2025-03-11 16:19:00,Completed
127,463,865,2025-03-12 16:00:00,Completed
128,589,100,2025-03-10 19:29:00,Cancelled
129,318,555,2025-03-03 15:50:00,Pending
130,660,608,2025-03-13 08:51:00,Cancelled
131,640,184,2025-03-07 05:12:00,Cancelled
132,640,835,2025-03-06 02:44:00,Cancelled
133,109,866,2025-03-10 13:34:00,Pending
134,650,404,2025-03-18 00:37:00,Pending
135,256,12,2025-03-06 19:49:00,Cancelled
136,493,3,2025-03-16 22:58:00,Pending
137,46,548,2025-03-06 03:22:00,Completed
138,648,392,2025-03-02 19:39:00,Cancelled
139,668,831,2025-03-02 01:08:00,Completed
140,548,168,2025-03-18 01:19:00,Completed
141,149,985,2025-03-03 20:25:00,Pending
142,782,128,2025-03-16 10:00:00,Cancelled
143,9,936,2025-03-05 11:36:00,Completed
144,457,390,2025-03-12 14:06:00,Cancelled
145,114,695,2025-03-13 05:28:00,Pending
146,769,420,2025-03-08 01:42:00,Completed
147,795,462,2025-03-02 13:48:00,Completed
148,174,612,2025-03-10 04:52:00,Completed
149,909,763,2025-03-17 15:13:00,Cancelled
150,991,107,2025-03-03 13:37:00,Cancelled
151,359,419,2025-03-12 05:30:00,Completed
152,797,988,2025-03-06 03:51:00,Pending
153,582,58,2025-03-07 16:14:00,Cancelled
154,495,285,2025-03-20 12:04:00,Pending
155,413,272,2025-03-17 08:27:00,Completed
156,870,666,2025-03-16 05:59:00,Completed
157,557,600,2025-03-16 14:13:00,Completed
158,297,331,2025-03-15 00:35:00,Cancelled
159,496,420,2025-03-12 15:27:00,Completed
160,446,566,2025-03-19 19:48:00,Completed
161,579,901,2025-03-14 22:58:00,Pending
162,427,337,2025-03-15 10:31:00,Completed
163,67,302,2025-03-02 09:04:00,Cancelled
164,918,35,2025-03-04 03:24:00,Pending
165,616,254,2025-03-11 04:53:00,Pending
166,19,297,2025-03-03 23:05:00,Completed
167,873,63,2025-03-20 01:38:00,Completed
168,609,440,2025-03-01 16:18:00,Completed
169,188,353,2025-03-08 00:38:00,Completed
170,157,374,2025-03-05 19:34:00,Pending
171,290,134,2025-03-02 17:02:00,Pending
172,226,140,2025-03-21 02:08:00,Cancelled
173,504,390,2025-03-18 06:41:00,Completed
174,277,947,2025-03-03 18:22:00,Cancelled
175,813,745,2025-03-07 21:27:00,Pending
176,35,276,2025-03-12 01:34:00,Cancelled
177,425,96,2025-03-04 20:52:00,Cancelled
178,437,262,2025-03-05 05:55:00,Cancelled
179,787,339,2025-03-09 09:23:00,Completed
180,644,983,2025-03-05 01:27:00,Pending
181,465,996,2025-03-16 09:20:00,Pending
182,579,342,2025-03-19 01:41:00,Pending
183,879,382,2025-03-13 12:37:00,Cancelled
184,80,50,2025-03-02 04:01:00,Cancelled
185,486,585,2025-03-21 04:05:00,Pending
186,153,475,2025-03-11 21:04:00,Pending
187,381,344,2025-03-03 12:36:00,Pending
188,896,648,2025-03-11 22:19:00,Pending
189,152,45,2025-03-13 09:32:00,Completed
190,152,550,2025-03-20 09:21:00,Pending
191,206,448,2025-03-10 11:59:00,Completed
192,335,246,2025-03-02 10:05:00,Completed
193,670,601,2025-03-03 02:13:00,Completed
194,771,726,2025-03-15 09:44:00,Cancelled
195,40,294,2025-03-15 20:49:00,Completed
196,111,416,2025-03-20 19:37:00,Completed
197,418,324,2025-03-03 21:41:00,Cancelled
198,985,495,2025-03-04 01:17:00,Completed
199,913,439,2025-03-09 03:22:00,Cancelled
200,97,350,2025-03-08 21:48:00,Completed
201,671,94,2025-03-17 19:09:00,Completed
202,415,917,2025-03-18 08:50:00,Cancelled
203,179,949,2025-03-16 13:08:00,Completed
204,824,571,2025-03-18 04:10:00,Pending
205,915,531,2025-03-14 03:27:00,Cancelled
206,94,747,2025-03-06 16:41:00,Completed
207,937,398,2025-03-18 16:07:00,Completed
208,166,874,2025-03-09 07:30:00,Pending
209,893,594,2025-03-12 23:25:00,Cancelled
210,813,388,2025-03-11 22:06:00,Pending
211,406,787,2025-03-02 12:10:00,Pending
212,603,382,2025-03-08 00:30:00,Completed
213,227,631,2025-03-09 09:19:00,Cancelled
214,479,893,2025-03-07 08:09:00,Pending
215,33,762,2025-03-08 11:37:00,Cancelled
216,794,685,2025-03-17 23:16:00,Pending
217,998,590,2025-03-06 08:04:00,Completed
218,523,176,2025-03-06 20:46:00,Pending
219,488,255,2025-03-03 08:55:00,Pending
220,374,27,2025-03-02 23:05:00,Cancelled
221,837,745,2025-03-01 23:38:00,Cancelled
222,550,747,2025-03-14 23:06:00,Pending
223,486,407,2025-03-08 19:20:00,Cancelled
224,924,893,2025-03-01 16:48:00,Cancelled
225,217,850,2025-03-20 20:00:00,Cancelled
226,981,221,2025-03-10 14:59:00,Completed
227,925,480,2025-03-06 05:40:00,Completed
228,325,607,2025-03-10 10:07:00,Pending
229,69,407,2025-03-19 23:40:00,Completed
230,915,686,2025-03-20 04:11:00,Pending
231,208,281,2025-03-15 22:39:00,Pending
232,250,856,2025-03-17 04:43:00,Cancelled
233,922,858,2025-03-19 18:07:00,Pending
234,312,838,2025-03-17 06:35:00,Pending
235,135,529,2025-03-10 15:40:00,Cancelled
236,327,301,2025-03-13 19:29:00,Completed
237,507,112,2025-03-12 00:27:00,Cancelled
238,572,728,2025-03-20 15:24:00,Cancelled
239,589,4,2025-03-01 21:11:00,Pending
240,183,970,2025-03-14 12:59:00,Completed
241,558,103,2025-03-12 02:23:00,Completed
242,380,154,2025-03-06 13:16:00,Cancelled
243,69,98,2025-03-13 02:42:00,Cancelled
244,163,250,2025-03-11 02:32:00,Cancelled
245,725,701,2025-03-18 16:16:00,Pending
246,615,489,2025-03-10 05:50:00,Completed
247,861,138,2025-03-12 07:34:00,Completed
248,458,321,2025-03-09 03:12:00,Pending
249,810,541,2025-03-16 09:29:00,Completed
250,475,201,2025-03-19 21:41:00,Cancelled
251,832,926,2025-03-01 15:16:00,Cancelled
252,544,242,2025-03-20 03:22:00,Completed
253,323,863,2025-03-10 10:56:00,Cancelled
254,940,1,2025-03-04 03:59:00,Completed
255,256,438,2025-03-18 17:31:00,Pending
256,822,47,2025-03-19 08:03:00,Completed
257,191,555,2025-03-04 02:28:00,Completed
258,520,939,2025-03-03 06:16:00,Cancelled
259,467,517,2025-03-07 13:30:00,Pending
260,137,173,2025-03-05 15:11:00,Pending
261,602,735,2025-03-13 13:58:00,Pending
262,188,706,2025-03-16 00:40:00,Completed
263,22,800,2025-03-16 09:37:00,Completed
264,496,59,2025-03-03 13:21:00,Cancelled
265,92,103,2025-03-15 07:39:00,Cancelled
266,367,376,2025-03-02 07:07:00,Completed
267,518,382,2025-03-11 01:30:00,Cancelled
268,738,317,2025-03-16 11:58:00,Pending
269,73,880,2025-03-13 14:01:00,Completed
270,568,477,2025-03-17 09:23:00,Completed
271,160,442,2025-03-06 12:00:00,Cancelled
272,417,906,2025-03-18 04:45:00,Cancelled
273,870,172,2025-03-19 00:34:00,Pending
274,304,481,2025-03-15 22:55:00,Pending
275,906,849,2025-03-02 11:36:00,Completed
276,786,538,2025-03-16 11:54:00,Completed
277,766,109,2025-03-09 12:24:00,Completed
278,258,360,2025-03-14 03:18:00,Pending
279,531,808,2025-03-13 17:05:00,Pending
280,150,282,2025-03-01 12:21:00,Cancelled
281,483,718,2025-03-12 17:17:00,Cancelled
282,161,298,2025-03-14 07:06:00,Cancelled
283,97,102,2025-03-07 08:11:00,Pending
284,554,702,2025-03-19 08:45:00,Pending
285,387,213,2025-03-18 14:32:00,Completed
286,335,602,2025-03-18 20:45:00,Pending
287,952,42,2025-03-18 02:15:00,Cancelled
288,63,964,2025-03-19 02:29:00,Completed
289,573,86,2025-03-17 02:03:00,Pending
290,664,500,2025-03-08 12:13:00,Cancelled
291,886,375,2025-03-06 07:49:00,Completed
292,190,413,2025-03-13 20:27:00,Completed
293,721,837,2025-03-09 13:31:00,Completed
294,662,118,2025-03-18 06:45:00,Pending
295,25,493,2025-03-13 18:39:00,Pending
296,940,158,2025-03-07 18:01:00,Cancelled
297,494,454,2025-03-14 17:04:00,Completed
298,96,595,2025-03-19 06:08:00,Cancelled
299,911,319,2025-03-01 03:03:00,Pending
300,81,645,2025-03-14 16:21:00,Pending
301,489,287,2025-03-02 07:53:00,Cancelled
302,633,774,2025-03-03 18:50:00,Pending
303,358,66,2025-03-03 12:42:00,Cancelled
304,763,883,2025-03-12 00:49:00,Pending
305,464,759,2025-03-17 18:55:00,Pending
306,651,703,2025-03-05 00:09:00,Pending
307,610,34,2025-03-13 21:15:00,Pending
308,227,6,2025-03-17 18:23:00,Completed
309,6,514,2025-03-14 02:19:00,Cancelled
310,107,997,2025-03-08 21:25:00,Cancelled
311,294,187,2025-03-06 21:22:00,Cancelled
312,904,199,2025-03-08 12:44:00,Completed
313,143,880,2025-03-06 10:07:00,Cancelled
314,657,488,2025-03-19 12:18:00,Cancelled
315,254,854,2025-03-05 22:09:00,Completed
316,896,417,2025-03-10 22:44:00,Completed
317,747,660,2025-03-11 05:40:00,Pending
318,861,735,2025-03-04 20:11:00,Completed
319,888,345,2025-03-05 05:34:00,Pending
320,241,815,2025-03-12 01:29:00,Completed
321,116,267,2025-03-12 18:14:00,Completed
322,256,824,2025-03-05 05:22:00,Cancelled
323,670,104,2025-03-15 13:58:00,Completed
324,777,503,2025-03-03 22:57:00,Completed
325,49,586,2025-03-11 14:05:00,Completed
326,690,649,2025-03-14 14:41:00,Pending
327,853,983,2025-03-17 16:49:00,Completed
328,577,183,2025-03-06 15:44:00,Completed
329,419,323,2025-03-14 03:09:00,Pending
330,275,354,2025-03-01 06:24:00,Completed
331,585,262,2025-03-18 18:37:00,Cancelled
332,460,32,2025-03-03 02:40:00,Completed
333,332,368,2025-03-13 08:50:00,Completed
334,447,811,2025-03-18 17:27:00,Cancelled
335,453,643,2025-03-11 19:10:00,Cancelled
336,164,185,2025-03-17 11:49:00,Cancelled
337,405,756,2025-03-03 19:58:00,Completed
338,609,301,2025-03-21 04:08:00,Pending
339,52,497,2025-03-06 23:14:00,Completed
340,148,495,2025-03-10 23:31:00,Completed
341,386,473,2025-03-10 14:46:00,Completed
342,892,999,2025-03-11 06:57:00,Cancelled
343,553,62,2025-03-18 15:08:00,Pending
344,992,160,2025-03-10 21:51:00,Cancelled
345,223,440,2025-03-17 12:29:00,Pending
346,548,87,2025-03-15 06:06:00,Pending
347,564,283,2025-03-11 20:37:00,Pending
348,291,876,2025-03-07 05:24:00,Cancelled
349,262,245,2025-03-05 19:39:00,Pending
350,909,554,2025-03-19 18:27:00,Completed
351,528,936,2025-03-02 10:41:00,Pending
352,427,797,2025-03-19 07:00:00,Completed
353,730,258,2025-03-07 21:29:00,Pending
354,608,873,2025-03-09 15:33:00,Pending
355,398,880,2025-03-08 23:39:00,Pending
356,840,663,2025-03-17 06:07:00,Cancelled
357,536,704,2025-03-08 02:25:00,Cancelled
358,562,717,2025-03-09 12:56:00,Completed
359,107,531,2025-03-14 22:15:00,Cancelled
360,743,324,2025-03-08 00:38:00,Cancelled
361,882,809,2025-03-08 05:54:00,Pending
362,538,9,2025-03-02 09:04:00,Cancelled
363,687,131,2025-03-13 19:31:00,Pending
364,822,576,2025-03-10 21:47:00,Completed
365,207,152,2025-03-07 03:03:00,Pending
366,695,691,2025-03-02 18:29:00,Pending
367,262,688,2025-03-07 19:46:00,Completed
368,788,682,2025-03-16 11:59:00,Pending
369,84,105,2025-03-10 02:34:00,Completed
370,330,38,2025-03-14 17:07:00,Cancelled
371,677,658,2025-03-20 03:44:00,Pending
372,804,2,2025-03-03 09:19:00,Cancelled
373,866,420,2025-03-19 10:49:00,Pending
374,72,696,2025-03-10 14:14:00,Pending
375,342,908,2025-03-14 02:51:00,Completed
376,981,990,2025-03-15 21:23:00,Pending
377,901,190,2025-03-08 05:43:00,Pending
378,765,904,2025-03-08 13:50:00,Completed
379,271,249,2025-03-14 23:15:00,Cancelled
380,217,855,2025-03-11 18:33:00,Pending
381,926,96,2025-03-09 09:09:00,Cancelled
382,782,804,2025-03-20 05:46:00,Cancelled
383,920,673,2025-03-09 10:55:00,Completed
384,389,843,2025-03-05 23:56:00,Completed
385,594,494,2025-03-03 21:27:00,Pending
386,979,553,2025-03-04 09:36:00,Cancelled
387,94,547,2025-03-19 21:23:00,Cancelled
388,16,418,2025-03-05 01:43:00,Completed
389,151,965,2025-03-04 19:08:00,Cancelled
390,398,414,2025-03-10 18:36:00,Completed
391,807,950,2025-03-04 20:52:00,Completed
392,116,600,2025-03-08 21:48:00,Completed
393,390,684,2025-03-21 00:15:00,Pending
394,211,697,2025-03-05 16:12:00,Pending
395,681,785,2025-03-16 12:18:00,Cancelled
396,50,436,2025-03-16 23:56:00,Completed
397,45,435,2025-03-04 14:58:00,Pending
398,548,459,2025-03-06 17:22:00,Pending
399,947,241,2025-03-06 19:27:00,Pending
400,373,613,2025-03-15 12:26:00,Completed
401,174,595,2025-03-11 00:28:00,Pending
402,379,872,2025-03-08 00:59:00,Pending
403,141,693,2025-03-02 08:42:00,Pending
404,475,63,2025-03-12 23:03:00,Cancelled
405,548,858,2025-03-18 02:49:00,Completed
406,606,833,2025-03-05 08:16:00,Pending
407,722,935,2025-03-12 18:28:00,Pending
408,730,390,2025-03-08 08:56:00,Pending
409,995,159,2025-03-08 21:36:00,Cancelled
410,114,974,2025-03-01 15:29:00,Cancelled
411,525,406,2025-03-18 16:53:00,Pending
412,981,220,2025-03-03 11:44:00,Cancelled
413,88,791,2025-03-10 20:51:00,Completed
414,826,544,2025-03-08 19:31:00,Cancelled
415,485,144,2025-03-11 13:35:00,Pending
416,900,357,2025-03-12 07:04:00,Cancelled
417,716,972,2025-03-14 07:18:00,Pending
418,632,500,2025-03-01 16:52:00,Cancelled
419,221,869,2025-03-11 09:41:00,Pending
420,257,977,2025-03-11 04:00:00,Cancelled
421,572,173,2025-03-08 14:48:00,Pending
422,534,849,2025-03-12 10:29:00,Completed
423,915,344,2025-03-21 05:41:00,Pending
424,755,537,2025-03-02 13:00:00,Cancelled
425,797,237,2025-03-01 15:13:00,Pending
426,101,538,2025-03-18 07:28:00,Completed
427,412,811,2025-03-17 00:53:00,Cancelled
428,225,613,2025-03-07 15:13:00,Completed
429,528,299,2025-03-14 18:15:00,Pending
430,861,972,2025-03-03 01:58:00,Pending
431,115,679,2025-03-20 11:53:00,Completed
432,427,507,2025-03-15 13:30:00,Pending
433,245,6,2025-03-14 12:40:00,Completed
434,356,596,2025-03-15 21:14:00,Completed
435,129,531,2025-03-14 10:48:00,Pending
436,952,962,2025-03-13 03:13:00,Completed
437,230,628,2025-03-15 02:41:00,Cancelled
438,612,770,2025-03-18 13:00:00,Pending
439,480,432,2025-03-04 03:32:00,Cancelled
440,265,460,2025-03-14 21:06:00,Cancelled
441,968,483,2025-03-08 11:28:00,Cancelled
442,499,446,2025-03-19 16:01:00,Cancelled
443,879,124,2025-03-05 12:55:00,Completed
444,128,660,2025-03-11 03:57:00,Cancelled
445,602,485,2025-03-19 08:55:00,Cancelled
446,524,874,2025-03-10 21:31:00,Cancelled
447,801,616,2025-03-13 02:49:00,Cancelled
448,902,770,2025-03-17 11:37:00,Cancelled
449,865,493,2025-03-17 06:16:00,Pending
450,29,554,2025-03-20 20:03:00,Cancelled
451,683,216,2025-03-13 08:06:00,Completed
452,365,782,2025-03-18 16:04:00,Cancelled
453,531,468,2025-03-12 22:16:00,Cancelled
454,828,929,2025-03-20 05:18:00,Completed
455,984,665,2025-03-06 22:55:00,Pending
456,820,858,2025-03-02 16:44:00,Pending
457,79,508,2025-03-05 04:11:00,Pending
458,178,385,2025-03-10 03:13:00,Completed
459,329,74,2025-03-13 07:50:00,Cancelled
460,214,879,2025-03-05 20:10:00,Completed
461,492,322,2025-03-04 16:22:00,Pending
462,517,921,2025-03-05 21:04:00,Completed
463,615,269,2025-03-18 11:00:00,Completed
464,611,306,2025-03-01 03:32:00,Completed
465,632,266,2025-03-19 21:43:00,Pending
466,699,285,2025-03-21 04:34:00,Pending
467,216,353,2025-03-13 16:21:00,Completed
468,371,912,2025-03-17 17:09:00,Completed
469,404,565,2025-03-15 07:13:00,Completed
470,215,195,2025-03-20 13:44:00,Cancelled
471,11,337,2025-03-21 04:51:00,Cancelled
472,958,888,2025-03-04 21:52:00,Pending
473,593,258,2025-03-14 11:39:00,Pending
474,345,97,2025-03-02 06:57:00,Cancelled
475,260,901,2025-03-18 10:26:00,Cancelled
476,166,536,2025-03-03 13:34:00,Pending
477,65,301,2025-03-11 13:18:00,Cancelled
478,844,156,2025-03-02 20:18:00,Cancelled
479,216,923,2025-03-21 05:08:00,Pending
480,548,670,2025-03-17 23:08:00,Pending
481,144,423,2025-03-10 04:38:00,Completed
482,446,883,2025-03-10 17:30:00,Completed
483,674,223,2025-03-13 15:25:00,Completed
484,565,833,2025-03-14 13:15:00,Cancelled
485,321,505,2025-03-06 17:49:00,Cancelled
486,106,645,2025-03-04 11:54:00,Cancelled
487,654,968,2025-03-10 19:51:00,Completed
488,194,125,2025-03-18 06:30:00,Pending
489,969,99,2025-03-10 06:44:00,Completed
490,891,511,2025-03-09 11:20:00,Pending
491,1,574,2025-03-08 07:16:00,Completed
492,672,214,2025-03-10 09:41:00,Pending
493,74,294,2025-03-18 05:15:00,Cancelled
494,675,651,2025-03-18 07:39:00,Cancelled
495,665,878,2025-03-17 04:48:00,Completed
496,599,404,2025-03-20 15:31:00,Pending
497,606,269,2025-03-06 03:51:00,Completed
498,946,386,2025-03-16 15:13:00,Pending
499,921,77,2025-03-04 02:43:00,Cancelled
500,532,102,2025-03-17 05:29:00,Completed
501,202,671,2025-03-12 12:22:00,Completed
502,84,168,2025-03-05 01:43:00,Completed
503,717,917,2025-03-13 21:31:00,Cancelled
504,947,320,2025-03-07 03:28:00,Completed
505,919,762,2025-03-10 18:56:00,Cancelled
506,892,306,2025-03-10 05:39:00,Completed
507,217,370,2025-03-20 12:41:00,Pending
508,152,347,2025-03-01 04:09:00,Pending
509,134,600,2025-03-17 15:43:00,Cancelled
510,90,419,2025-03-12 09:35:00,Pending
511,199,446,2025-03-01 18:00:00,Cancelled
512,798,821,2025-03-15 19:57:00,Cancelled
513,73,283,2025-03-05 20:17:00,Cancelled
514,521,274,2025-03-21 00:05:00,Cancelled
515,930,45,2025-03-19 02:18:00,Completed
516,302,806,2025-03-08 09:58:00,Completed
517,806,872,2025-03-19 13:38:00,Completed
518,282,127,2025-03-07 20:37:00,Pending
519,406,960,2025-03-06 21:16:00,Pending
520,624,396,2025-03-03 09:53:00,Completed
521,295,327,2025-03-16 06:19:00,Cancelled
522,271,372,2025-03-17 21:36:00,Pending
523,744,676,2025-03-13 11:09:00,Completed
524,448,180,2025-03-15 04:57:00,Completed
525,22,438,2025-03-15 04:20:00,Completed
526,697,401,2025-03-17 18:51:00,Pending
527,340,572,2025-03-19 19:35:00,Pending
528,819,1,2025-03-20 13:45:00,Completed
529,515,399,2025-03-07 10:51:00,Completed
530,59,543,2025-03-07 03:12:00,Completed
531,592,894,2025-03-10 15:27:00,Pending
532,486,14,2025-03-08 02:33:00,Cancelled
533,275,410,2025-03-13 05:38:00,Pending
534,50,287,2025-03-10 15:47:00,Cancelled
535,663,329,2025-03-21 05:22:00,Completed
536,115,162,2025-03-12 14:24:00,Cancelled
537,39,259,2025-03-20 08:41:00,Cancelled
538,220,225,2025-03-05 04:18:00,Cancelled
539,64,119,2025-03-08 09:41:00,Cancelled
540,444,608,2025-03-10 04:11:00,Cancelled
541,261,705,2025-03-11 12:29:00,Completed
542,560,442,2025-03-13 22:53:00,Completed
543,657,748,2025-03-12 16:38:00,Completed
544,187,568,2025-03-18 02:56:00,Cancelled
545,463,292,2025-03-09 06:07:00,Completed
546,962,571,2025-03-07 17:55:00,Completed
547,509,886,2025-03-06 13:30:00,Cancelled
548,520,821,2025-03-14 21:01:00,Completed
549,954,703,2025-03-10 20:52:00,Cancelled
550,115,882,2025-03-15 02:55:00,Pending
551,837,742,2025-03-13 08:32:00,Cancelled
552,463,949,2025-03-03 08:58:00,Pending
553,215,503,2025-03-04 15:39:00,Pending
554,52,126,2025-03-04 07:19:00,Completed
555,253,946,2025-03-01 07:51:00,Pending
556,479,460,2025-03-07 18:19:00,Completed
557,324,31,2025-03-06 07:22:00,Cancelled
558,435,33,2025-03-07 07:04:00,Completed
559,714,935,2025-03-09 01:55:00,Cancelled
560,731,215,2025-03-11 06:42:00,Cancelled
561,269,859,2025-03-07 17:52:00,Completed
562,326,629,2025-03-01 09:12:00,Pending
563,622,371,2025-03-02 21:06:00,Cancelled
564,947,203,2025-03-06 13:30:00,Cancelled
565,801,473,2025-03-12 04:40:00,Completed
566,320,68,2025-03-13 01:43:00,Cancelled
567,924,974,2025-03-10 23:22:00,Cancelled
568,852,400,2025-03-04 02:45:00,Completed
569,59,401,2025-03-02 15:48:00,Pending
570,849,835,2025-03-09 03:28:00,Completed
571,408,789,2025-03-03 06:09:00,Completed
572,622,542,2025-03-17 23:13:00,Completed
573,229,505,2025-03-12 15:46:00,Completed
574,438,342,2025-03-04 02:02:00,Completed
575,636,413,2025-03-01 23:06:00,Cancelled
576,58,341,2025-03-17 02:11:00,Completed
577,486,412,2025-03-16 21:29:00,Cancelled
578,674,368,2025-03-17 06:50:00,Pending
579,559,342,2025-03-19 11:30:00,Completed
580,508,704,2025-03-01 04:45:00,Pending
581,734,706,2025-03-09 10:35:00,Cancelled
582,284,990,2025-03-03 06:53:00,Completed
583,925,144,2025-03-03 01:06:00,Pending
584,705,968,2025-03-01 12:04:00,Cancelled
585,373,926,2025-03-19 13:20:00,Completed
586,970,281,2025-03-20 06:59:00,Completed
587,560,637,2025-03-10 01:27:00,Pending
588,92,640,2025-03-12 05:36:00,Cancelled
589,619,90,2025-03-13 23:44:00,Cancelled
590,505,4,2025-03-17 08:39:00,Cancelled
591,723,782,2025-03-20 06:00:00,Completed
592,319,832,2025-03-03 23:50:00,Completed
593,882,743,2025-03-05 23:53:00,Cancelled
594,555,14,2025-03-16 20:01:00,Pending
595,172,861,2025-03-07 15:18:00,Cancelled
596,844,949,2025-03-13 04:06:00,Cancelled
597,599,183,2025-03-13 05:49:00,Pending
598,403,905,2025-03-04 04:55:00,Completed
599,307,86,2025-03-19 18:33:00,Pending
600,910,492,2025-03-17 17:33:00,Cancelled
601,964,458,2025-03-21 03:54:00,Completed
602,165,997,2025-03-19 07:08:00,Cancelled
603,920,766,2025-03-11 07:49:00,Pending
604,522,737,2025-03-11 21:27:00,Completed
605,727,786,2025-03-07 16:35:00,Completed
606,912,192,2025-03-15 01:34:00,Cancelled
607,72,397,2025-03-12 00:38:00,Cancelled
608,570,484,2025-03-08 05:26:00,Cancelled
609,200,227,2025-03-10 03:34:00,Completed
610,151,619,2025-03-14 15:18:00,Cancelled
611,433,567,2025-03-08 05:41:00,Pending
612,92,192,2025-03-13 21:16:00,Completed
613,764,482,2025-03-01 06:01:00,Completed
614,707,90,2025-03-14 13:47:00,Pending
615,821,367,2025-03-05 20:37:00,Completed
616,967,162,2025-03-12 16:05:00,Pending
617,933,68,2025-03-05 14:23:00,Cancelled
618,395,134,2025-03-02 03:19:00,Pending
619,743,725,2025-03-20 07:40:00,Cancelled
620,207,618,2025-03-17 11:24:00,Cancelled
621,175,742,2025-03-19 10:26:00,Pending
622,949,963,2025-03-12 19:13:00,Cancelled
623,400,737,2025-03-14 10:01:00,Cancelled
624,502,524,2025-03-05 16:11:00,Cancelled
625,416,69,2025-03-16 02:15:00,Cancelled
626,823,576,2025-03-21 02:42:00,Pending
627,686,814,2025-03-15 01:36:00,Cancelled
628,906,354,2025-03-17 09:31:00,Pending
629,326,437,2025-03-16 00:43:00,Pending
630,606,905,2025-03-02 15:26:00,Completed
631,862,28,2025-03-19 00:37:00,Pending
632,393,9,2025-03-20 13:40:00,Completed
633,385,440,2025-03-12 13:15:00,Completed
634,435,767,2025-03-08 17:54:00,Pending
635,748,113,2025-03-07 01:36:00,Pending
636,554,144,2025-03-18 17:20:00,Cancelled
637,476,216,2025-03-20 13:06:00,Pending
638,949,687,2025-03-16 05:38:00,Completed
639,233,832,2025-03-06 13:32:00,Cancelled
640,239,944,2025-03-19 01:17:00,Cancelled
641,251,410,2025-03-02 00:21:00,Cancelled
642,113,255,2025-03-20 19:57:00,Pending
643,806,993,2025-03-10 18:38:00,Pending
644,837,800,2025-03-11 04:33:00,Cancelled
645,739,220,2025-03-20 03:23:00,Pending
646,120,713,2025-03-13 13:29:00,Cancelled
647,35,654,2025-03-18 17:53:00,Pending
648,55,1000,2025-03-08 11:56:00,Completed
649,210,43,2025-03-07 17:26:00,Completed
650,421,505,2025-03-12 14:21:00,Completed
651,156,113,2025-03-14 22:38:00,Cancelled
652,932,223,2025-03-05 12:54:00,Pending
653,78,765,2025-03-02 10:50:00,Pending
654,291,158,2025-03-21 00:56:00,Pending
655,215,28,2025-03-11 12:30:00,Completed
656,875,799,2025-03-13 16:14:00,Pending
657,945,220,2025-03-08 12:26:00,Completed
658,232,10,2025-03-01 21:49:00,Pending
659,98,864,2025-03-17 02:31:00,Cancelled
660,912,204,2025-03-08 10:54:00,Cancelled
661,520,560,2025-03-09 02:37:00,Pending
662,600,902,2025-03-18 00:04:00,Completed
663,180,884,2025-03-14 11:47:00,Cancelled
664,866,410,2025-03-19 06:20:00,Cancelled
665,49,314,2025-03-08 19:49:00,Pending
666,749,130,2025-03-15 09:02:00,Pending
667,165,681,2025-03-02 23:27:00,Cancelled
668,86,205,2025-03-10 09:10:00,Cancelled
669,224,570,2025-03-06 03:52:00,Pending
670,349,118,2025-03-10 18:32:00,Cancelled
671,297,610,2025-03-01 01:43:00,Completed
672,903,508,2025-03-19 09:42:00,Completed
673,474,545,2025-03-10 04:05:00,Cancelled
674,861,276,2025-03-10 00:14:00,Cancelled
675,897,53,2025-03-19 06:58:00,Cancelled
676,625,589,2025-03-15 09:58:00,Pending
677,287,663,2025-03-18 11:41:00,Pending
678,56,139,2025-03-10 00:33:00,Pending
679,302,305,2025-03-16 01:38:00,Pending
680,154,785,2025-03-17 14:55:00,Completed
681,334,213,2025-03-11 09:29:00,Cancelled
682,629,937,2025-03-19 06:45:00,Pending
683,195,805,2025-03-13 15:36:00,Pending
684,299,550,2025-03-14 08:30:00,Pending
685,622,235,2025-03-01 08:58:00,Cancelled
686,540,900,2025-03-07 09:12:00,Pending
687,921,536,2025-03-07 20:46:00,Completed
688,854,525,2025-03-18 01:18:00,Completed
689,246,131,2025-03-13 03:31:00,Cancelled
690,85,781,2025-03-09 18:58:00,Completed
691,498,442,2025-03-02 02:18:00,Cancelled
692,500,717,2025-03-14 02:15:00,Pending
693,479,647,2025-03-15 03:55:00,Cancelled
694,529,454,2025-03-01 06:03:00,Completed
695,462,415,2025-03-10 21:12:00,Cancelled
696,634,561,2025-03-12 17:08:00,Cancelled
697,30,132,2025-03-04 17:46:00,Completed
698,633,185,2025-03-03 00:51:00,Cancelled
699,138,233,2025-03-04 15:15:00,Cancelled
700,110,901,2025-03-08 19:12:00,Completed
701,833,15,2025-03-14 16:16:00,Completed
702,83,150,2025-03-11 23:02:00,Cancelled
703,836,742,2025-03-14 10:57:00,Cancelled
704,271,394,2025-03-08 01:33:00,Pending
705,298,174,2025-03-09 07:36:00,Cancelled
706,636,800,2025-03-09 23:19:00,Pending
707,791,877,2025-03-07 10:15:00,Pending
708,999,293,2025-03-18 18:55:00,Pending
709,673,754,2025-03-20 09:11:00,Cancelled
710,599,27,2025-03-16 09:32:00,Pending
711,703,674,2025-03-15 07:35:00,Completed
712,179,505,2025-03-01 01:24:00,Completed
713,973,494,2025-03-07 06:15:00,Completed
714,951,423,2025-03-21 01:57:00,Pending
715,36,668,2025-03-17 14:14:00,Pending
716,696,68,2025-03-03 02:38:00,Cancelled
717,991,149,2025-03-12 17:53:00,Pending
718,626,650,2025-03-14 23:56:00,Completed
719,695,192,2025-03-12 00:06:00,Cancelled
720,502,348,2025-03-15 06:28:00,Cancelled
721,217,844,2025-03-13 15:46:00,Completed
722,898,888,2025-03-15 08:59:00,Completed
723,228,59,2025-03-12 04:00:00,Pending
724,396,747,2025-03-12 02:12:00,Completed
725,784,218,2025-03-20 12:45:00,Pending
726,23,446,2025-03-06 00:25:00,Cancelled
727,47,548,2025-03-17 04:10:00,Cancelled
728,882,810,2025-03-15 11:35:00,Completed
729,308,239,2025-03-16 12:55:00,Pending
730,715,48,2025-03-03 13:52:00,Cancelled
731,403,218,2025-03-17 22:44:00,Completed
732,935,126,2025-03-07 09:52:00,Pending
733,932,843,2025-03-14 21:55:00,Completed
734,224,172,2025-03-18 16:07:00,Cancelled
735,720,608,2025-03-20 06:52:00,Completed
736,84,544,2025-03-14 23:52:00,Completed
737,636,794,2025-03-14 18:09:00,Pending
738,819,482,2025-03-12 23:39:00,Completed
739,230,171,2025-03-02 17:31:00,Completed
740,199,50,2025-03-20 06:16:00,Completed
741,886,842,2025-03-19 09:05:00,Cancelled
742,132,358,2025-03-15 15:01:00,Pending
743,574,996,2025-03-08 15:17:00,Cancelled
744,379,26,2025-03-14 07:15:00,Pending
745,807,317,2025-03-19 19:02:00,Pending
746,385,587,2025-03-19 13:13:00,Pending
747,234,437,2025-03-03 21:37:00,Pending
748,494,395,2025-03-02 21:16:00,Cancelled
749,689,300,2025-03-13 19:23:00,Cancelled
750,931,742,2025-03-19 04:32:00,Completed
751,398,710,2025-03-16 04:56:00,Pending
752,463,777,2025-03-13 23:12:00,Cancelled
753,958,455,2025-03-07 15:56:00,Cancelled
754,997,571,2025-03-20 08:59:00,Completed
755,34,709,2025-03-15 03:13:00,Completed
756,696,418,2025-03-16 09:29:00,Completed
757,352,7,2025-03-13 19:20:00,Completed
758,877,472,2025-03-20 02:09:00,Cancelled
759,174,219,2025-03-18 11:19:00,Cancelled
760,828,212,2025-03-13 16:00:00,Completed
761,205,351,2025-03-12 20:51:00,Completed
762,505,275,2025-03-16 00:02:00,Cancelled
763,331,52,2025-03-13 07:51:00,Cancelled
764,28,788,2025-03-16 04:52:00,Completed
765,168,695,2025-03-17 09:49:00,Pending
766,945,781,2025-03-10 09:20:00,Completed
767,798,355,2025-03-09 18:34:00,Completed
768,939,213,2025-03-18 16:20:00,Pending
769,971,107,2025-03-04 01:25:00,Cancelled
770,917,328,2025-03-11 08:12:00,Completed
771,297,181,2025-03-13 01:15:00,Cancelled
772,926,112,2025-03-04 15:24:00,Completed
773,35,205,2025-03-12 10:01:00,Pending
774,35,479,2025-03-20 12:11:00,Cancelled
775,961,806,2025-03-05 23:56:00,Completed
776,23,559,2025-03-02 00:29:00,Cancelled
777,886,297,2025-03-14 09:47:00,Cancelled
778,241,715,2025-03-11 00:31:00,Pending
779,508,56,2025-03-13 18:28:00,Cancelled
780,16,194,2025-03-08 13:58:00,Pending
781,676,701,2025-03-04 14:26:00,Pending
782,476,181,2025-03-04 19:49:00,Completed
783,485,429,2025-03-15 18:58:00,Cancelled
784,655,381,2025-03-19 22:41:00,Pending
785,981,887,2025-03-15 14:23:00,Pending
786,104,977,2025-03-09 13:13:00,Pending
787,988,590,2025-03-15 04:12:00,Completed
788,253,379,2025-03-19 17:32:00,Completed
789,684,202,2025-03-01 21:34:00,Cancelled
790,30,680,2025-03-05 13:01:00,Completed
791,240,144,2025-03-10 03:33:00,Cancelled
792,775,259,2025-03-12 17:39:00,Completed
793,444,783,2025-03-02 21:12:00,Completed
794,928,318,2025-03-13 16:04:00,Cancelled
795,902,293,2025-03-05 21:45:00,Completed
796,685,410,2025-03-13 00:39:00,Cancelled
797,950,275,2025-03-12 22:59:00,Pending
798,609,735,2025-03-09 10:08:00,Pending
799,487,786,2025-03-06 19:57:00,Completed
800,224,227,2025-03-11 23:55:00,Cancelled
801,131,72,2025-03-04 15:42:00,Completed
802,100,729,2025-03-17 09:35:00,Completed
803,701,240,2025-03-09 14:33:00,Pending
804,614,655,2025-03-21 06:12:00,Cancelled
805,181,348,2025-03-13 11:08:00,Cancelled
806,529,650,2025-03-02 07:54:00,Pending
807,767,742,2025-03-08 17:05:00,Completed
808,243,528,2025-03-01 20:29:00,Pending
809,929,603,2025-03-10 03:05:00,Pending
810,528,281,2025-03-15 06:11:00,Cancelled
811,399,57,2025-03-10 06:39:00,Cancelled
812,820,473,2025-03-07 00:40:00,Pending
813,934,982,2025-03-02 22:20:00,Completed
814,95,438,2025-03-15 18:11:00,Completed
815,243,795,2025-03-18 08:50:00,Completed
816,627,899,2025-03-07 18:11:00,Pending
817,969,800,2025-03-03 16:20:00,Pending
818,797,570,2025-03-10 20:54:00,Completed
819,18,617,2025-03-06 01:36:00,Pending
820,943,869,2025-03-07 18:34:00,Completed
821,590,300,2025-03-11 03:27:00,Cancelled
822,126,122,2025-03-04 06:00:00,Pending
823,96,800,2025-03-07 21:50:00,Cancelled
824,151,508,2025-03-15 05:45:00,Cancelled
825,31,590,2025-03-12 07:28:00,Pending
826,762,965,2025-03-09 09:16:00,Cancelled
827,964,59,2025-03-19 13:26:00,Cancelled
828,598,723,2025-03-04 04:15:00,Pending
829,443,891,2025-03-14 21:42:00,Pending
830,353,706,2025-03-16 12:31:00,Cancelled
831,401,389,2025-03-09 11:43:00,Completed
832,133,128,2025-03-20 08:29:00,Completed
833,214,673,2025-03-11 15:57:00,Cancelled
834,335,439,2025-03-09 00:14:00,Pending
835,203,533,2025-03-07 05:03:00,Pending
836,733,532,2025-03-18 00:13:00,Pending
837,25,228,2025-03-12 14:13:00,Cancelled
838,728,870,2025-03-11 03:05:00,Completed
839,945,72,2025-03-20 08:13:00,Cancelled
840,811,245,2025-03-17 11:00:00,Pending
841,682,195,2025-03-03 00:22:00,Completed
842,812,341,2025-03-14 22:59:00,Cancelled
843,512,102,2025-03-10 01:37:00,Cancelled
844,778,362,2025-03-16 05:59:00,Cancelled
845,70,42,2025-03-09 11:24:00,Pending
846,125,549,2025-03-18 13:25:00,Cancelled
847,682,778,2025-03-07 07:36:00,Cancelled
848,374,419,2025-03-18 18:19:00,Pending
849,647,468,2025-03-14 05:17:00,Pending
850,652,381,2025-03-07 15:57:00,Pending
851,71,164,2025-03-08 16:08:00,Completed
852,66,700,2025-03-18 10:02:00,Cancelled
853,299,378,2025-03-18 09:13:00,Pending
854,173,647,2025-03-08 15:30:00,Completed
855,410,595,2025-03-01 22:24:00,Cancelled
856,294,838,2025-03-18 13:19:00,Completed
857,418,771,2025-03-12 22:10:00,Completed
858,465,145,2025-03-05 07:07:00,Completed
859,3,887,2025-03-13 06:36:00,Cancelled
860,9,345,2025-03-05 09:20:00,Cancelled
861,510,377,2025-03-13 06:11:00,Cancelled
862,839,361,2025-03-19 04:49:00,Cancelled
863,30,16,2025-03-09 22:36:00,Pending
864,962,622,2025-03-09 00:55:00,Cancelled
865,163,694,2025-03-07 15:49:00,Pending
866,461,615,2025-03-01 02:31:00,Completed
867,692,794,2025-03-10 07:01:00,Completed
868,460,361,2025-03-09 02:48:00,Pending
869,935,348,2025-03-11 23:05:00,Cancelled
870,972,228,2025-03-17 18:54:00,Completed
871,786,620,2025-03-08 17:20:00,Cancelled
872,832,302,2025-03-15 15:47:00,Completed
873,558,173,2025-03-17 05:22:00,Pending
874,822,226,2025-03-10 05:50:00,Pending
875,338,848,2025-03-16 13:38:00,Completed
876,696,994,2025-03-10 14:13:00,Cancelled
877,707,637,2025-03-03 23:14:00,Completed
878,544,889,2025-03-14 05:12:00,Cancelled
879,7,825,2025-03-01 01:49:00,Pending
880,751,811,2025-03-10 20:50:00,Cancelled
881,17,647,2025-03-12 19:27:00,Pending
882,565,850,2025-03-12 20:44:00,Completed
883,167,266,2025-03-11 12:45:00,Pending
884,364,493,2025-03-14 15:24:00,Cancelled
885,515,400,2025-03-16 23:58:00,Pending
886,756,973,2025-03-07 02:15:00,Cancelled
887,743,507,2025-03-15 02:19:00,Pending
888,916,738,2025-03-05 01:28:00,Completed
889,632,917,2025-03-08 22:20:00,Cancelled
890,128,276,2025-03-13 08:03:00,Cancelled
891,973,510,2025-03-17 05:08:00,Cancelled
892,456,933,2025-03-04 14:51:00,Pending
893,180,276,2025-03-20 12:02:00,Completed
894,730,903,2025-03-02 11:28:00,Cancelled
895,977,425,2025-03-12 03:28:00,Pending
896,315,768,2025-03-15 06:17:00,Completed
897,929,730,2025-03-13 19:48:00,Completed
898,851,572,2025-03-14 07:54:00,Completed
899,13,28,2025-03-16 06:18:00,Pending
900,545,532,2025-03-03 21:06:00,Completed
901,474,195,2025-03-12 09:04:00,Pending
902,210,852,2025-03-02 17:35:00,Completed
903,413,426,2025-03-18 22:32:00,Cancelled
904,168,561,2025-03-08 21:53:00,Completed
905,380,361,2025-03-05 13:31:00,Pending
906,938,916,2025-03-15 10:50:00,Pending
907,800,934,2025-03-04 03:13:00,Completed
908,762,558,2025-03-05 13:06:00,Completed
909,893,299,2025-03-20 23:39:00,Completed
910,410,424,2025-03-05 14:21:00,Completed
911,355,128,2025-03-08 08:57:00,Pending
912,683,189,2025-03-20 15:37:00,Completed
913,705,957,2025-03-15 22:21:00,Pending
914,950,239,2025-03-18 13:03:00,Completed
915,441,65,2025-03-01 17:46:00,Pending
916,571,472,2025-03-13 03:13:00,Pending
917,109,935,2025-03-03 10:41:00,Completed
918,92,42,2025-03-11 09:59:00,Completed
919,623,841,2025-03-11 18:11:00,Cancelled
920,279,323,2025-03-20 16:37:00,Cancelled
921,826,507,2025-03-05 01:43:00,Completed
922,206,768,2025-03-20 00:57:00,Pending
923,293,276,2025-03-02 22:49:00,Cancelled
924,580,154,2025-03-13 16:32:00,Pending
925,237,985,2025-03-08 05:15:00,Pending
926,43,72,2025-03-06 12:37:00,Cancelled
927,317,407,2025-03-15 13:34:00,Completed
928,41,945,2025-03-20 00:15:00,Pending
929,778,938,2025-03-03 00:57:00,Pending
930,407,371,2025-03-03 10:47:00,Pending
931,616,637,2025-03-04 01:42:00,Completed
932,419,354,2025-03-12 16:39:00,Completed
933,574,301,2025-03-02 06:24:00,Cancelled
934,639,555,2025-03-08 17:07:00,Cancelled
935,520,788,2025-03-17 07:27:00,Cancelled
936,96,170,2025-03-08 01:17:00,Cancelled
937,744,799,2025-03-02 10:22:00,Cancelled
938,977,897,2025-03-11 07:58:00,Cancelled
939,37,512,2025-03-08 15:55:00,Pending
940,911,959,2025-03-05 23:59:00,Completed
941,223,318,2025-03-04 18:16:00,Cancelled
942,189,850,2025-03-01 15:26:00,Completed
943,89,934,2025-03-02 00:43:00,Pending
944,680,817,2025-03-08 00:52:00,Pending
945,989,901,2025-03-16 22:54:00,Cancelled
946,839,324,2025-03-20 13:56:00,Cancelled
947,304,840,2025-03-03 20:13:00,Cancelled
948,156,482,2025-03-14 11:23:00,Completed
949,241,240,2025-03-03 08:53:00,Completed
950,481,298,2025-03-01 03:50:00,Pending
951,236,585,2025-03-18 01:05:00,Completed
952,459,183,2025-03-18 07:49:00,Completed
953,744,686,2025-03-05 20:10:00,Cancelled
954,732,267,2025-03-10 10:04:00,Cancelled
955,492,414,2025-03-14 23:17:00,Completed
956,904,745,2025-03-13 08:36:00,Completed
957,230,625,2025-03-16 20:45:00,Completed
958,601,96,2025-03-12 16:11:00,Cancelled
959,384,31,2025-03-14 12:40:00,Pending
960,292,830,2025-03-15 09:00:00,Completed
961,955,181,2025-03-16 05:05:00,Completed
962,391,308,2025-03-09 00:59:00,Completed
963,397,93,2025-03-07 06:39:00,Cancelled
964,563,451,2025-03-17 10:43:00,Pending
965,285,377,2025-03-04 01:35:00,Pending
966,558,509,2025-03-13 23:25:00,Cancelled
967,890,168,2025-03-12 16:42:00,Pending
968,637,37,2025-03-19 00:50:00,Cancelled
969,836,408,2025-03-16 02:39:00,Cancelled
970,997,497,2025-03-05 02:55:00,Cancelled
971,596,330,2025-03-10 12:51:00,Completed
972,623,87,2025-03-06 04:36:00,Pending
973,284,559,2025-03-08 20:43:00,Pending
974,643,371,2025-03-03 19:08:00,Cancelled
975,226,132,2025-03-01 05:18:00,Cancelled
976,551,409,2025-03-07 12:50:00,Completed
977,853,193,2025-03-05 20:11:00,Pending
978,818,799,2025-03-11 06:11:00,Cancelled
979,855,553,2025-03-07 08:39:00,Completed
980,925,652,2025-03-18 11:35:00,Pending
981,615,839,2025-03-10 15:58:00,Cancelled
982,670,871,2025-03-19 02:27:00,Cancelled
983,300,755,2025-03-18 19:10:00,Pending
984,1,368,2025-03-19 06:19:00,Completed
985,380,113,2025-03-17 22:32:00,Completed
986,915,875,2025-03-05 13:19:00,Completed
987,579,769,2025-03-04 13:27:00,Cancelled
988,272,191,2025-03-04 07:18:00,Pending
989,799,272,2025-03-08 13:03:00,Pending
990,791,943,2025-03-19 15:41:00,Cancelled
991,175,984,2025-03-20 03:50:00,Pending
992,251,394,2025-03-17 10:54:00,Completed
993,635,341,2025-03-19 12:40:00,Cancelled
994,107,93,2025-03-03 22:13:00,Cancelled
995,190,105,2025-03-10 00:46:00,Completed
996,855,211,2025-03-13 19:40:00,Completed
997,980,746,2025-03-17 22:04:00,Cancelled
998,832,967,2025-03-13 18:00:00,Cancelled
999,917,90,2025-03-01 15:31:00,Completed
1000,596,950,2025-03-13 12:51:00,Cancelled
